,Age Group Count,Age Group Percentage
Minors,138,0.17692307692307693
Ages 18 to 24,414,0.5307692307692308
Ages 25 to 30,101,0.1294871794871795
Ages 31 to 35,73,0.09358974358974359
Ages 36 to 40,41,0.052564102564102565
Ages 41 and older,13,0.016666666666666666
