,Gender Count,Gender Percentage
Male,652,0.8358974358974359
Female,113,0.14487179487179488
Other,15,0.019230769230769232
